,Date,District,PCR_Postive_Count,PCR_Positive_Hospitalised,Deceased,temperature,wind_speed,relative_humidity
5880,2022-02-14,Bernkastel-Wittlich,99,2,1,6.392,20.636,74.84
5881,2022-02-14,Neuwied,355,3,0,7.192,7.576,75.08
5882,2022-02-14,Ahrweiler,121,1,0,9.12,17.06,66.72
5883,2022-02-14,Altenkirchen,381,1,0,7.224,19.156,72.92
5884,2022-02-14,Alzey-Worms,157,-1,0,7.048,7.152,71.32
5885,2022-02-14,Bad Kreuznach,310,1,0,5.396,7.152,78.96
5886,2022-02-14,Birkenfeld,133,3,0,7.096,10.664,75.48
5887,2022-02-14,Rhein-Pfalz-Kreis,361,2,1,6.656,13.02,75.48
5888,2022-02-14,Donnersbergkreis,135,0,0,7.124,32.372,73.64
5889,2022-02-14,Germersheim,575,1,0,6.324,32.372,78.16
5890,2022-02-14,Kaiserslautern,267,4,0,8.904,32.372,69.32
5891,2022-02-14,Kusel,83,1,1,7.172,19.876,69.32
5892,2022-02-14,Mainz-Bingen,447,4,0,6.616,15.864,71.32
5893,2022-02-14,Mayen-Koblenz,259,1,0,5.984,7.576,80.92
5894,2022-02-14,Cochem-Zell,15,0,0,5.884,17.06,75.96
5895,2022-02-14,Rhein-Lahn-Kreis,268,4,0,6.616,7.152,80.92
5896,2022-02-14,KS Trier,125,0,0,7.892,24.732,74.8
5897,2022-02-14,KS Frankenthal,137,1,1,6.656,13.02,78.96
5898,2022-02-14,Trier-Saarburg,152,0,0,7.892,24.732,74.8
5899,2022-02-14,Vulkaneifel,35,0,0,5.884,17.06,66.72
5900,2022-02-14,Westerwaldkreis,418,10,1,5.052,19.156,78.28
5901,2022-02-14,KS Landau i.d.Pf.,93,1,0,8.188,32.372,72.04
5902,2022-02-14,KS Worms,111,0,1,6.656,13.02,78.96
5903,2022-02-14,KS Koblenz,187,2,0,5.984,7.576,80.92
5904,2022-02-14,KS Ludwigshafen,466,5,2,7.856,13.02,72.0
5905,2022-02-14,KS Mainz,527,8,1,6.12,12.384,71.32
5906,2022-02-14,KS Neustadt a.d.W.,89,0,0,6.324,32.372,75.64
5907,2022-02-14,KS Pirmasens,51,0,0,7.824,22.876,76.44
5908,2022-02-14,KS Speyer,146,0,0,6.38,13.02,78.16
5909,2022-02-14,KS Kaiserslautern,210,4,0,8.904,32.372,69.32
5910,2022-02-15,Ahrweiler,226,2,0,7.884,15.368,68.52
5911,2022-02-15,Altenkirchen,248,1,0,5.404,16.22,78.12
5912,2022-02-15,Alzey-Worms,285,2,2,6.496,10.468,72.76
5913,2022-02-15,Bernkastel-Wittlich,234,1,0,4.528,21.376,78.84
5914,2022-02-15,Bad Kreuznach,304,10,0,7.564,10.468,70.6
5915,2022-02-15,Kusel,139,1,2,5.232,21.184,70.92
5916,2022-02-15,Germersheim,269,8,1,3.98,32.672,74.08
5917,2022-02-15,Kaiserslautern,266,2,0,6.7,32.672,70.92
5918,2022-02-15,Mainz-Bingen,595,1,0,6.86,21.832,72.76
5919,2022-02-15,Mayen-Koblenz,530,1,0,6.664,10.664,76.04
5920,2022-02-15,Neuwied,294,2,0,5.492,10.664,78.76
5921,2022-02-15,Cochem-Zell,148,0,0,4.264,15.368,80.0
5922,2022-02-15,Donnersbergkreis,138,-1,0,4.708,32.672,79.16
5923,2022-02-15,Birkenfeld,89,2,0,5.344,14.22,77.96
5924,2022-02-15,Rhein-Pfalz-Kreis,521,3,0,7.24,14.86,70.56
5925,2022-02-15,KS Ludwigshafen,474,12,0,6.924,14.86,76.72
5926,2022-02-15,KS Frankenthal,150,6,0,6.672,14.86,77.16
5927,2022-02-15,KS Kaiserslautern,238,2,0,6.7,32.672,70.92
5928,2022-02-15,Trier-Saarburg,398,10,1,6.224,22.572,78.88
5929,2022-02-15,KS Koblenz,210,0,0,6.664,10.664,76.04
5930,2022-02-15,Vulkaneifel,171,0,0,4.264,15.368,68.52
5931,2022-02-15,KS Landau i.d.Pf.,106,3,0,6.496,32.672,76.08
5932,2022-02-15,Rhein-Lahn-Kreis,446,8,0,6.86,10.468,76.04
5933,2022-02-15,Westerwaldkreis,345,4,0,3.532,16.22,85.16
5934,2022-02-15,KS Neustadt a.d.W.,136,1,0,3.98,32.672,82.48
5935,2022-02-15,KS Pirmasens,78,0,0,5.46,22.724,78.28
5936,2022-02-15,KS Speyer,229,0,0,7.068,14.86,74.08
5937,2022-02-15,KS Trier,298,4,0,6.224,22.572,78.88
5938,2022-02-15,KS Worms,228,3,0,6.672,14.86,77.16
5939,2022-02-15,KS Mainz,584,5,1,7.004,18.404,72.76
5940,2022-02-16,Ahrweiler,236,0,0,12.156,26.184,72.16
5941,2022-02-16,Altenkirchen,220,1,0,8.992,27.504,87.72
5942,2022-02-16,Alzey-Worms,278,11,0,9.22,17.268,80.04
5943,2022-02-16,Bad Kreuznach,290,6,0,10.568,17.268,78.88
5944,2022-02-16,Bernkastel-Wittlich,325,3,1,7.872,31.7,92.16
5945,2022-02-16,Germersheim,361,1,0,6.088,56.732,76.56
5946,2022-02-16,Cochem-Zell,107,0,0,8.176,26.184,87.6
5947,2022-02-16,Donnersbergkreis,124,0,0,6.608,56.732,95.04
5948,2022-02-16,Kaiserslautern,353,3,3,8.192,56.732,89.04
5949,2022-02-16,Kusel,97,2,0,7.512,32.352,89.04
5950,2022-02-16,Mainz-Bingen,533,6,2,10.004,37.568,80.04
5951,2022-02-16,Mayen-Koblenz,595,2,1,11.436,19.692,77.44
5952,2022-02-16,Neuwied,58,0,0,9.292,19.692,85.76
5953,2022-02-16,Birkenfeld,112,0,0,7.792,23.24,93.24
5954,2022-02-16,KS Mainz,528,5,0,8.996,30.08,80.04
5955,2022-02-16,KS Landau i.d.Pf.,105,0,0,8.284,56.732,88.08
5956,2022-02-16,KS Kaiserslautern,307,4,1,8.192,56.732,89.04
5957,2022-02-16,Trier-Saarburg,319,1,0,9.072,35.808,92.16
5958,2022-02-16,Vulkaneifel,100,0,1,8.176,26.184,72.16
5959,2022-02-16,Westerwaldkreis,542,3,3,6.72,27.504,95.96
5960,2022-02-16,KS Frankenthal,118,2,0,9.428,25.82,80.84
5961,2022-02-16,KS Koblenz,348,0,0,11.436,19.692,77.44
5962,2022-02-16,Rhein-Lahn-Kreis,236,2,0,10.004,17.268,77.44
5963,2022-02-16,KS Ludwigshafen,472,7,1,9.064,25.82,82.12
5964,2022-02-16,KS Neustadt a.d.W.,289,0,0,6.088,56.732,96.48
5965,2022-02-16,KS Pirmasens,122,0,0,7.364,33.168,93.28
5966,2022-02-16,KS Speyer,114,2,0,9.544,25.82,76.56
5967,2022-02-16,KS Trier,206,0,0,9.072,35.808,92.16
5968,2022-02-16,Rhein-Pfalz-Kreis,376,6,0,9.928,25.82,77.48
5969,2022-02-16,KS Worms,238,13,0,9.428,25.82,80.84
5970,2022-02-17,KS Ludwigshafen,423,5,0,11.56,30.084,64.48
5971,2022-02-17,Rhein-Pfalz-Kreis,316,4,0,11.152,30.084,65.32
5972,2022-02-17,Bernkastel-Wittlich,210,1,0,7.676,39.124,69.48
5973,2022-02-17,Birkenfeld,115,0,0,8.436,28.244,70.76
5974,2022-02-17,Cochem-Zell,111,1,0,7.032,31.22,67.44
5975,2022-02-17,Donnersbergkreis,195,1,0,7.692,59.46,75.2
5976,2022-02-17,Mainz-Bingen,396,8,0,10.896,38.72,69.4
5977,2022-02-17,Bad Kreuznach,312,3,1,11.348,27.612,61.44
5978,2022-02-17,Kusel,137,5,1,8.4,34.892,72.0
5979,2022-02-17,Mayen-Koblenz,624,4,0,11.308,22.84,55.28
5980,2022-02-17,Neuwied,583,2,0,8.288,22.84,66.68
5981,2022-02-17,Rhein-Lahn-Kreis,174,1,0,10.896,27.612,55.28
5982,2022-02-17,Germersheim,364,3,0,7.02,59.46,62.6
5983,2022-02-17,KS Neustadt a.d.W.,292,1,0,7.02,59.46,83.16
5984,2022-02-17,Kaiserslautern,320,4,0,9.664,59.46,72.0
5985,2022-02-17,Ahrweiler,291,1,1,10.716,31.22,57.52
5986,2022-02-17,Altenkirchen,183,9,1,7.28,27.676,70.36
5987,2022-02-17,Alzey-Worms,214,1,0,9.508,27.612,69.4
5988,2022-02-17,Vulkaneifel,95,0,0,7.032,31.22,57.52
5989,2022-02-17,Westerwaldkreis,734,2,0,5.944,27.676,74.8
5990,2022-02-17,KS Frankenthal,97,2,0,10.836,30.084,68.28
5991,2022-02-17,KS Kaiserslautern,232,3,0,9.664,59.46,72.0
5992,2022-02-17,KS Landau i.d.Pf.,63,4,0,10.928,59.46,68.52
5993,2022-02-17,Trier-Saarburg,339,1,1,9.48,30.708,69.48
5994,2022-02-17,KS Mainz,397,5,0,10.992,38.704,69.4
5995,2022-02-17,KS Pirmasens,93,2,1,8.676,38.096,79.64
5996,2022-02-17,KS Speyer,134,5,0,11.768,30.084,62.6
5997,2022-02-17,KS Trier,325,7,1,9.48,30.708,69.48
5998,2022-02-17,KS Worms,279,3,0,10.836,30.084,68.28
5999,2022-02-17,KS Koblenz,289,3,0,11.308,22.84,55.28
6000,2022-02-18,Ahrweiler,183,3,0,9.356,27.34,66.24
6001,2022-02-18,Alzey-Worms,288,2,0,9.172,21.7,69.76
6002,2022-02-18,Bad Kreuznach,231,2,0,10.444,21.7,65.84
6003,2022-02-18,Bernkastel-Wittlich,157,5,0,6.92,33.16,74.52
6004,2022-02-18,Birkenfeld,103,1,0,7.568,21.144,78.04
6005,2022-02-18,Cochem-Zell,96,3,0,6.132,27.34,73.4
6006,2022-02-18,Kusel,160,3,0,7.572,29.98,71.28
6007,2022-02-18,Germersheim,396,5,0,6.868,50.344,61.48
6008,2022-02-18,Kaiserslautern,180,1,1,9.232,50.344,71.28
6009,2022-02-18,Mainz-Bingen,495,18,2,9.648,34.616,69.76
6010,2022-02-18,Mayen-Koblenz,499,0,0,8.924,17.672,71.12
6011,2022-02-18,Neuwied,415,0,0,7.2,17.672,74.88
6012,2022-02-18,Rhein-Pfalz-Kreis,272,1,0,10.536,24.172,64.28
6013,2022-02-18,Altenkirchen,266,1,0,5.06,24.464,81.12
6014,2022-02-18,Donnersbergkreis,153,2,0,7.132,50.344,78.04
6015,2022-02-18,Rhein-Lahn-Kreis,316,1,0,9.648,21.7,71.12
6016,2022-02-18,Trier-Saarburg,340,3,0,8.568,33.38,74.52
6017,2022-02-18,Vulkaneifel,86,0,0,6.132,27.34,66.24
6018,2022-02-18,Westerwaldkreis,415,7,1,5.06,24.464,81.12
6019,2022-02-18,KS Frankenthal,112,0,0,10.376,24.172,67.68
6020,2022-02-18,KS Koblenz,222,0,0,8.924,17.672,71.12
6021,2022-02-18,KS Landau i.d.Pf.,22,1,0,10.336,50.344,68.12
6022,2022-02-18,KS Ludwigshafen,292,0,0,10.748,24.172,65.68
6023,2022-02-18,KS Kaiserslautern,180,4,1,9.232,50.344,71.28
6024,2022-02-18,KS Neustadt a.d.W.,415,0,0,6.868,50.344,79.32
6025,2022-02-18,KS Pirmasens,100,1,0,8.32,29.768,78.52
6026,2022-02-18,KS Trier,252,3,0,8.568,33.38,74.52
6027,2022-02-18,KS Worms,282,5,1,10.376,24.172,67.68
6028,2022-02-18,KS Mainz,457,9,1,9.716,30.516,69.76
6029,2022-02-18,KS Speyer,93,0,0,11.464,24.172,61.48
6030,2022-02-19,Birkenfeld,77,1,2,4.308,20.972,63.56
6031,2022-02-19,Ahrweiler,197,0,0,6.44,25.492,58.68
6032,2022-02-19,Altenkirchen,73,0,0,2.356,25.616,70.44
6033,2022-02-19,Alzey-Worms,96,0,0,5.788,25.728,58.64
6034,2022-02-19,Bad Kreuznach,106,2,0,7.312,25.728,53.32
6035,2022-02-19,Bernkastel-Wittlich,122,2,0,3.248,31.936,67.08
6036,2022-02-19,Rhein-Pfalz-Kreis,24,0,0,7.24,25.924,53.48
6037,2022-02-19,Donnersbergkreis,156,0,0,3.608,45.864,65.12
6038,2022-02-19,Germersheim,0,1,0,3.22,45.864,52.08
6039,2022-02-19,Kusel,20,0,0,4.136,32.368,58.88
6040,2022-02-19,Mainz-Bingen,19,0,0,6.764,36.308,58.64
6041,2022-02-19,Mayen-Koblenz,0,0,0,6.672,20.04,60.08
6042,2022-02-19,Neuwied,149,5,0,4.436,20.04,66.16
6043,2022-02-19,Rhein-Lahn-Kreis,0,0,0,6.764,25.728,60.08
6044,2022-02-19,Cochem-Zell,61,0,0,2.74,25.492,67.44
6045,2022-02-19,Trier-Saarburg,232,9,1,5.112,32.968,67.16
6046,2022-02-19,KS Worms,86,0,0,6.96,25.924,56.64
6047,2022-02-19,KS Trier,187,12,0,5.112,32.968,67.16
6048,2022-02-19,KS Speyer,6,0,0,7.508,25.924,52.08
6049,2022-02-19,KS Pirmasens,55,0,0,4.44,28.844,68.24
6050,2022-02-19,KS Neustadt a.d.W.,46,0,0,3.22,45.864,67.24
6051,2022-02-19,KS Landau i.d.Pf.,0,0,0,6.548,45.864,57.2
6052,2022-02-19,Kaiserslautern,0,0,0,5.808,45.864,58.88
6053,2022-02-19,KS Koblenz,0,0,0,6.672,20.04,60.08
6054,2022-02-19,KS Kaiserslautern,0,0,0,5.808,45.864,58.88
6055,2022-02-19,KS Frankenthal,3,0,0,6.96,25.924,56.64
6056,2022-02-19,Westerwaldkreis,22,0,0,2.356,25.616,70.44
6057,2022-02-19,Vulkaneifel,75,0,0,2.74,25.492,58.68
6058,2022-02-19,KS Mainz,25,0,0,6.94,33.58,58.64
6059,2022-02-19,KS Ludwigshafen,36,0,0,7.492,25.924,53.72
6060,2022-02-20,Mayen-Koblenz,0,0,0,9.188,20.044,77.12
6061,2022-02-20,Neuwied,169,5,0,7.424,20.044,80.44
6062,2022-02-20,Ahrweiler,90,0,0,9.472,28.264,72.76
6063,2022-02-20,Altenkirchen,88,1,0,4.844,27.992,92.48
6064,2022-02-20,Alzey-Worms,106,0,0,7.656,22.156,78.72
6065,2022-02-20,Mainz-Bingen,0,0,0,8.808,35.488,78.72
6066,2022-02-20,Cochem-Zell,51,0,0,5.828,28.264,84.68
6067,2022-02-20,Bernkastel-Wittlich,49,0,0,6.024,34.072,88.08
6068,2022-02-20,Birkenfeld,117,0,0,6.328,22.86,90.32
6069,2022-02-20,Donnersbergkreis,107,1,0,5.156,59.048,93.28
6070,2022-02-20,Germersheim,0,0,0,4.768,59.048,70.68
6071,2022-02-20,Kaiserslautern,0,0,0,6.92,59.048,85.72
6072,2022-02-20,Kusel,27,1,0,6.328,36.4,85.72
6073,2022-02-20,Bad Kreuznach,168,0,0,9.0,22.156,77.56
6074,2022-02-20,KS Worms,101,0,0,9.152,25.468,72.56
6075,2022-02-20,KS Pirmasens,0,0,0,5.98,32.092,89.2
6076,2022-02-20,KS Trier,147,0,0,7.42,38.152,88.2
6077,2022-02-20,Trier-Saarburg,44,0,0,7.42,38.152,88.2
6078,2022-02-20,Rhein-Lahn-Kreis,0,0,0,8.808,22.156,77.12
6079,2022-02-20,Rhein-Pfalz-Kreis,29,0,0,9.176,25.468,70.6
6080,2022-02-20,Vulkaneifel,33,0,0,5.828,28.264,72.76
6081,2022-02-20,KS Speyer,7,0,0,8.648,25.468,70.68
6082,2022-02-20,KS Frankenthal,6,0,0,9.152,25.468,72.56
6083,2022-02-20,KS Kaiserslautern,0,0,0,6.92,59.048,85.72
6084,2022-02-20,KS Koblenz,0,0,0,9.188,20.044,77.12
6085,2022-02-20,KS Landau i.d.Pf.,41,0,0,8.076,59.048,76.32
6086,2022-02-20,KS Ludwigshafen,45,0,0,8.844,25.468,72.92
6087,2022-02-20,KS Mainz,0,0,0,8.264,35.692,78.72
6088,2022-02-20,KS Neustadt a.d.W.,24,0,0,4.768,59.048,90.08
6089,2022-02-20,Westerwaldkreis,305,2,0,4.844,27.992,92.48
6090,2022-02-21,Neuwied,123,2,0,4.224,24.248,78.28
6091,2022-02-21,Bad Kreuznach,322,4,1,7.104,30.1,67.84
6092,2022-02-21,Mainz-Bingen,528,3,3,6.808,38.892,70.0
6093,2022-02-21,Mayen-Koblenz,454,3,1,6.86,24.248,67.84
6094,2022-02-21,Ahrweiler,105,0,0,6.552,26.976,67.28
6095,2022-02-21,Altenkirchen,176,2,0,1.812,25.22,86.84
6096,2022-02-21,Alzey-Worms,55,2,2,5.972,30.1,70.0
6097,2022-02-21,Cochem-Zell,22,0,1,2.796,26.976,79.52
6098,2022-02-21,Birkenfeld,66,0,0,4.424,24.704,77.24
6099,2022-02-21,Donnersbergkreis,31,2,0,3.648,59.188,80.76
6100,2022-02-21,Germersheim,391,4,0,2.82,59.188,71.24
6101,2022-02-21,Kaiserslautern,186,2,0,5.432,59.188,77.92
6102,2022-02-21,Kusel,97,1,0,4.1,31.228,77.92
6103,2022-02-21,KS Landau i.d.Pf.,59,0,0,6.192,59.188,75.8
6104,2022-02-21,Bernkastel-Wittlich,178,5,0,3.624,39.56,77.6
6105,2022-02-21,KS Trier,124,1,0,5.204,28.484,77.88
6106,2022-02-21,KS Worms,90,4,2,7.064,26.516,69.72
6107,2022-02-21,Rhein-Lahn-Kreis,278,2,0,6.808,30.1,67.84
6108,2022-02-21,KS Frankenthal,114,0,0,7.064,26.516,69.72
6109,2022-02-21,Rhein-Pfalz-Kreis,317,1,0,7.168,26.516,67.76
6110,2022-02-21,KS Kaiserslautern,129,0,0,5.432,59.188,77.92
6111,2022-02-21,Trier-Saarburg,251,2,0,5.204,28.484,77.88
6112,2022-02-21,Westerwaldkreis,187,4,1,1.812,25.22,86.84
6113,2022-02-21,Vulkaneifel,46,0,1,2.796,26.976,67.28
6114,2022-02-21,KS Ludwigshafen,351,1,0,7.332,26.516,68.04
6115,2022-02-21,KS Mainz,466,10,1,6.792,34.168,70.0
6116,2022-02-21,KS Neustadt a.d.W.,201,0,0,2.82,59.188,88.36
6117,2022-02-21,KS Pirmasens,37,0,0,4.288,33.18,84.56
6118,2022-02-21,KS Speyer,124,0,0,6.968,26.516,71.24
6119,2022-02-21,KS Koblenz,242,1,0,6.86,24.248,67.84
6120,2022-02-22,KS Landau i.d.Pf.,95,0,0,6.692,40.392,81.28
6121,2022-02-22,Mainz-Bingen,446,4,0,7.348,26.364,74.36
6122,2022-02-22,Ahrweiler,218,1,0,7.512,17.812,73.52
6123,2022-02-22,Altenkirchen,347,2,0,4.42,18.9,87.32
6124,2022-02-22,Alzey-Worms,272,4,1,6.516,17.248,74.36
6125,2022-02-22,Mayen-Koblenz,639,5,1,7.544,16.864,74.16
6126,2022-02-22,Cochem-Zell,205,1,0,3.976,17.812,83.68
6127,2022-02-22,Bad Kreuznach,271,0,1,7.652,17.248,73.0
6128,2022-02-22,Donnersbergkreis,157,5,0,4.352,40.392,85.64
6129,2022-02-22,Germersheim,245,19,0,3.68,40.392,73.96
6130,2022-02-22,Kaiserslautern,329,9,2,6.376,40.392,81.04
6131,2022-02-22,Kusel,89,4,1,4.944,21.804,81.04
6132,2022-02-22,Birkenfeld,99,0,0,5.268,16.3,83.44
6133,2022-02-22,Bernkastel-Wittlich,390,5,3,4.56,24.984,86.8
6134,2022-02-22,Neuwied,282,4,1,5.364,16.864,84.16
6135,2022-02-22,KS Koblenz,342,0,0,7.544,16.864,74.16
6136,2022-02-22,Rhein-Lahn-Kreis,366,2,2,7.348,17.248,74.16
6137,2022-02-22,Rhein-Pfalz-Kreis,382,6,0,7.828,16.836,70.2
6138,2022-02-22,KS Frankenthal,166,2,0,7.42,16.836,73.8
6139,2022-02-22,Trier-Saarburg,391,1,1,5.904,20.572,86.56
6140,2022-02-22,Vulkaneifel,168,0,0,3.976,17.812,73.52
6141,2022-02-22,Westerwaldkreis,319,1,1,3.008,18.9,91.84
6142,2022-02-22,KS Pirmasens,129,2,2,4.976,21.984,91.44
6143,2022-02-22,KS Trier,183,0,1,5.904,20.572,86.56
6144,2022-02-22,KS Ludwigshafen,362,8,0,7.584,16.836,73.08
6145,2022-02-22,KS Mainz,502,8,1,7.232,23.456,74.36
6146,2022-02-22,KS Neustadt a.d.W.,247,0,0,3.68,40.392,89.88
6147,2022-02-22,KS Worms,261,1,1,7.42,16.836,73.8
6148,2022-02-22,KS Speyer,84,0,0,7.572,16.836,73.96
6149,2022-02-22,KS Kaiserslautern,216,2,0,6.376,40.392,81.04
6150,2022-02-23,Mayen-Koblenz,352,2,0,6.736,7.212,74.76
6151,2022-02-23,Neuwied,342,0,0,6.0,7.212,74.24
6152,2022-02-23,Ahrweiler,223,0,0,6.812,10.144,70.64
6153,2022-02-23,Altenkirchen,418,2,0,5.796,12.58,73.84
6154,2022-02-23,Alzey-Worms,233,3,0,6.704,7.116,72.84
6155,2022-02-23,Bad Kreuznach,307,2,0,7.396,7.116,70.0
6156,2022-02-23,Bernkastel-Wittlich,243,5,0,5.66,9.376,71.68
6157,2022-02-23,Donnersbergkreis,155,1,0,5.86,18.28,75.24
6158,2022-02-23,Cochem-Zell,107,0,0,4.896,10.144,73.36
6159,2022-02-23,Germersheim,492,3,0,5.328,18.28,76.72
6160,2022-02-23,Kaiserslautern,403,4,0,6.668,18.28,74.44
6161,2022-02-23,Kusel,136,2,0,6.772,8.408,74.44
6162,2022-02-23,Mainz-Bingen,386,1,0,6.692,11.972,72.84
6163,2022-02-23,Rhein-Lahn-Kreis,186,2,0,6.692,7.116,74.76
6164,2022-02-23,Birkenfeld,123,0,0,5.396,5.56,74.84
6165,2022-02-23,KS Speyer,97,4,0,7.82,5.944,76.72
6166,2022-02-23,KS Frankenthal,89,4,0,6.028,5.944,77.24
6167,2022-02-23,Westerwaldkreis,431,7,1,4.368,12.58,77.96
6168,2022-02-23,Vulkaneifel,80,0,0,4.896,10.144,70.64
6169,2022-02-23,KS Kaiserslautern,277,2,2,6.668,18.28,74.44
6170,2022-02-23,Trier-Saarburg,235,0,3,6.948,10.784,71.76
6171,2022-02-23,KS Koblenz,195,1,0,6.736,7.212,74.76
6172,2022-02-23,KS Landau i.d.Pf.,62,0,0,8.228,18.28,72.96
6173,2022-02-23,KS Ludwigshafen,349,12,0,7.036,5.944,78.8
6174,2022-02-23,KS Mainz,257,6,1,6.272,10.136,72.84
6175,2022-02-23,KS Neustadt a.d.W.,179,0,0,5.328,18.28,81.56
6176,2022-02-23,KS Pirmasens,95,0,0,6.496,7.512,76.96
6177,2022-02-23,KS Worms,230,2,0,6.028,5.944,77.24
6178,2022-02-23,Rhein-Pfalz-Kreis,310,6,0,7.548,5.944,72.28
6179,2022-02-23,KS Trier,151,0,0,6.948,10.784,71.76
6180,2022-02-24,Ahrweiler,176,2,0,6.1,19.008,74.72
6181,2022-02-24,Alzey-Worms,230,3,1,7.108,9.5,71.08
6182,2022-02-24,Bad Kreuznach,223,10,0,6.836,9.5,73.16
6183,2022-02-24,Bernkastel-Wittlich,230,0,0,5.268,20.904,72.4
6184,2022-02-24,Birkenfeld,155,2,0,5.216,12.664,77.56
6185,2022-02-24,Germersheim,276,1,0,5.124,35.264,72.52
6186,2022-02-24,Cochem-Zell,75,2,0,4.356,19.008,76.76
6187,2022-02-24,Donnersbergkreis,223,1,0,5.332,35.264,75.2
6188,2022-02-24,Kaiserslautern,238,1,0,7.332,35.264,69.48
6189,2022-02-24,Kusel,93,0,0,5.62,20.4,69.48
6190,2022-02-24,Mainz-Bingen,348,5,2,6.376,17.54,71.08
6191,2022-02-24,Neuwied,148,0,0,5.384,10.588,77.32
6192,2022-02-24,Altenkirchen,186,2,0,5.504,18.844,75.64
6193,2022-02-24,Mayen-Koblenz,342,5,0,6.1,10.588,78.2
6194,2022-02-24,KS Landau i.d.Pf.,73,0,0,7.112,35.264,74.6
6195,2022-02-24,Rhein-Lahn-Kreis,173,3,0,6.376,9.5,78.2
6196,2022-02-24,KS Kaiserslautern,157,3,1,7.332,35.264,69.48
6197,2022-02-24,Trier-Saarburg,339,16,1,6.504,21.788,72.04
6198,2022-02-24,Vulkaneifel,82,0,0,4.356,19.008,74.72
6199,2022-02-24,KS Frankenthal,129,3,0,7.092,17.312,77.72
6200,2022-02-24,KS Koblenz,174,2,0,6.1,10.588,78.2
6201,2022-02-24,KS Worms,163,1,0,7.092,17.312,77.72
6202,2022-02-24,Westerwaldkreis,460,6,0,3.524,18.844,81.96
6203,2022-02-24,KS Mainz,463,12,0,6.72,17.332,71.08
6204,2022-02-24,KS Neustadt a.d.W.,138,0,0,5.124,35.264,77.96
6205,2022-02-24,KS Pirmasens,89,2,0,6.304,22.532,76.24
6206,2022-02-24,KS Speyer,88,3,0,8.112,17.312,72.52
6207,2022-02-24,KS Trier,212,9,1,6.504,21.788,72.04
6208,2022-02-24,Rhein-Pfalz-Kreis,247,5,0,7.328,17.312,72.76
6209,2022-02-24,KS Ludwigshafen,323,14,1,7.708,17.312,75.2
6210,2022-02-25,KS Speyer,98,1,0,4.252,14.808,73.28
6211,2022-02-25,Ahrweiler,225,3,1,4.332,15.476,73.04
6212,2022-02-25,Westerwaldkreis,239,11,0,-0.42,14.836,93.08
6213,2022-02-25,Germersheim,429,1,0,0.368,34.216,73.28
6214,2022-02-25,KS Frankenthal,107,1,0,3.184,14.808,79.72
6215,2022-02-25,KS Kaiserslautern,162,6,0,2.64,34.216,77.8
6216,2022-02-25,KS Koblenz,174,6,1,3.58,10.276,80.76
6217,2022-02-25,Altenkirchen,273,2,1,1.632,14.836,87.08
6218,2022-02-25,KS Ludwigshafen,290,14,3,4.016,14.808,75.56
6219,2022-02-25,KS Mainz,472,8,0,3.66,19.252,76.84
6220,2022-02-25,KS Neustadt a.d.W.,15,1,0,0.368,34.216,87.28
6221,2022-02-25,KS Pirmasens,116,3,0,1.252,15.052,85.6
6222,2022-02-25,KS Trier,229,7,4,2.156,15.992,82.0
6223,2022-02-25,KS Worms,263,7,0,3.184,14.808,79.72
6224,2022-02-25,KS Landau i.d.Pf.,64,0,0,3.664,34.216,74.64
6225,2022-02-25,Bad Kreuznach,254,5,0,4.18,12.096,75.2
6226,2022-02-25,Bernkastel-Wittlich,133,2,0,1.076,19.46,82.04
6227,2022-02-25,Mayen-Koblenz,314,11,1,3.58,10.276,80.76
6228,2022-02-25,Neuwied,339,0,0,1.54,10.292,88.0
6229,2022-02-25,Rhein-Lahn-Kreis,244,2,0,3.644,12.096,80.76
6230,2022-02-25,Trier-Saarburg,403,4,2,2.156,15.992,82.0
6231,2022-02-25,Vulkaneifel,105,0,0,0.852,15.476,73.04
6232,2022-02-25,Mainz-Bingen,503,8,1,3.644,23.04,76.84
6233,2022-02-25,Rhein-Pfalz-Kreis,248,4,0,4.74,14.808,67.52
6234,2022-02-25,Kaiserslautern,251,2,0,2.64,34.216,77.8
6235,2022-02-25,Alzey-Worms,359,3,0,2.912,12.096,76.84
6236,2022-02-25,Donnersbergkreis,93,3,0,0.976,34.216,84.28
6237,2022-02-25,Cochem-Zell,92,0,0,0.852,15.476,86.16
6238,2022-02-25,Birkenfeld,0,0,0,1.596,12.584,82.76
6239,2022-02-25,Kusel,122,0,0,1.376,15.532,77.8
6240,2022-02-26,KS Trier,140,4,1,2.48,9.528,72.52
6241,2022-02-26,KS Speyer,34,1,0,3.432,5.26,71.0
6242,2022-02-26,KS Pirmasens,36,6,0,1.952,9.94,72.16
6243,2022-02-26,Rhein-Lahn-Kreis,0,0,0,3.848,6.24,80.52
6244,2022-02-26,KS Mainz,31,2,0,3.62,8.708,72.2
6245,2022-02-26,KS Ludwigshafen,61,9,0,3.136,5.26,74.48
6246,2022-02-26,KS Landau i.d.Pf.,0,0,0,3.292,17.744,68.44
6247,2022-02-26,KS Koblenz,0,0,0,3.04,5.22,80.52
6248,2022-02-26,Vulkaneifel,55,0,0,1.532,8.772,78.08
6249,2022-02-26,KS Frankenthal,22,0,0,2.664,5.26,75.36
6250,2022-02-26,Westerwaldkreis,268,2,0,0.256,8.684,81.44
6251,2022-02-26,Trier-Saarburg,244,0,0,2.48,9.528,72.52
6252,2022-02-26,KS Kaiserslautern,0,0,0,1.936,17.744,74.76
6253,2022-02-26,KS Worms,16,0,0,2.664,5.26,75.36
6254,2022-02-26,KS Neustadt a.d.W.,101,1,0,1.2,17.744,71.84
6255,2022-02-26,Rhein-Pfalz-Kreis,67,9,0,3.732,5.26,67.96
6256,2022-02-26,Neuwied,85,3,0,2.208,5.22,79.84
6257,2022-02-26,Germersheim,-1,0,0,1.2,17.744,71.0
6258,2022-02-26,Kaiserslautern,0,0,0,1.936,17.744,74.76
6259,2022-02-26,Cochem-Zell,58,0,0,1.532,8.772,76.24
6260,2022-02-26,Mainz-Bingen,2,0,0,3.848,8.132,72.2
6261,2022-02-26,Kusel,42,0,0,2.008,11.408,74.76
6262,2022-02-26,Birkenfeld,253,0,0,1.46,5.076,75.28
6263,2022-02-26,Altenkirchen,29,0,0,1.496,8.684,84.84
6264,2022-02-26,Donnersbergkreis,186,0,0,1.412,17.744,75.12
6265,2022-02-26,Alzey-Worms,40,0,0,2.712,6.24,72.2
6266,2022-02-26,Mayen-Koblenz,0,0,0,3.04,5.22,80.52
6267,2022-02-26,Ahrweiler,158,3,0,3.056,8.772,78.08
6268,2022-02-26,Bernkastel-Wittlich,100,0,2,1.72,12.288,72.48
6269,2022-02-26,Bad Kreuznach,124,1,0,3.552,6.24,75.04
6270,2022-02-27,Altenkirchen,89,0,0,3.092,21.316,63.44
6271,2022-02-27,Alzey-Worms,127,2,0,2.984,8.712,65.4
6272,2022-02-27,Bad Kreuznach,0,0,0,2.808,8.712,70.96
6273,2022-02-27,Bernkastel-Wittlich,0,0,0,2.58,20.66,52.32
6274,2022-02-27,Birkenfeld,82,1,0,0.96,7.872,70.64
6275,2022-02-27,Mayen-Koblenz,0,0,0,2.18,8.736,72.36
6276,2022-02-27,KS Neustadt a.d.W.,55,0,0,1.812,28.072,63.84
6277,2022-02-27,KS Mainz,0,0,0,3.264,10.028,65.4
6278,2022-02-27,KS Pirmasens,0,0,0,3.216,20.844,61.2
6279,2022-02-27,Donnersbergkreis,52,0,0,1.844,28.072,66.96
6280,2022-02-27,KS Trier,130,1,0,4.416,15.016,51.96
6281,2022-02-27,KS Worms,87,2,0,3.828,9.716,63.32
6282,2022-02-27,Ahrweiler,104,0,0,2.228,15.28,71.16
6283,2022-02-27,Germersheim,0,0,0,1.812,28.072,62.52
6284,2022-02-27,Kaiserslautern,0,0,0,2.012,28.072,67.36
6285,2022-02-27,KS Speyer,17,2,0,4.04,9.716,62.52
6286,2022-02-27,Rhein-Pfalz-Kreis,72,1,0,2.816,9.716,67.08
6287,2022-02-27,Rhein-Lahn-Kreis,0,0,0,4.032,8.712,72.36
6288,2022-02-27,KS Landau i.d.Pf.,29,0,0,3.748,28.072,62.56
6289,2022-02-27,KS Koblenz,0,0,0,2.18,8.736,72.36
6290,2022-02-27,KS Kaiserslautern,0,0,0,2.012,28.072,67.36
6291,2022-02-27,KS Frankenthal,38,3,0,3.828,9.716,63.32
6292,2022-02-27,Vulkaneifel,87,0,0,2.104,15.28,71.16
6293,2022-02-27,KS Ludwigshafen,79,3,0,4.332,9.716,61.44
6294,2022-02-27,Westerwaldkreis,213,0,0,1.092,21.316,67.96
6295,2022-02-27,Neuwied,153,0,0,2.812,8.736,66.32
6296,2022-02-27,Cochem-Zell,63,0,0,2.104,15.28,68.52
6297,2022-02-27,Mainz-Bingen,0,0,0,4.032,12.936,65.4
6298,2022-02-27,Kusel,16,0,0,3.056,22.92,67.36
6299,2022-02-27,Trier-Saarburg,191,0,0,4.416,15.016,51.96
6300,2022-02-28,Altenkirchen,154,5,0,3.844,17.628,53.68
6301,2022-02-28,Alzey-Worms,114,5,0,2.7,6.472,61.6
6302,2022-02-28,Bad Kreuznach,292,0,0,2.652,6.472,66.04
6303,2022-02-28,Bernkastel-Wittlich,148,0,0,3.92,13.184,49.84
6304,2022-02-28,Birkenfeld,75,0,0,0.86,5.156,66.68
6305,2022-02-28,KS Speyer,85,0,0,4.008,5.968,56.96
6306,2022-02-28,Kusel,174,1,0,3.956,16.24,62.4
6307,2022-02-28,Germersheim,391,3,0,2.384,23.192,56.96
6308,2022-02-28,Kaiserslautern,274,5,0,2.052,23.192,62.4
6309,2022-02-28,Mainz-Bingen,294,6,1,3.684,9.488,61.6
6310,2022-02-28,Mayen-Koblenz,351,2,0,2.132,6.756,69.92
6311,2022-02-28,Cochem-Zell,32,0,0,2.924,11.284,61.08
6312,2022-02-28,Ahrweiler,132,0,0,2.456,11.284,68.08
6313,2022-02-28,Donnersbergkreis,70,1,0,2.664,23.192,57.32
6314,2022-02-28,Rhein-Lahn-Kreis,181,3,0,3.684,6.472,69.92
6315,2022-02-28,Neuwied,142,1,0,3.624,6.756,56.08
6316,2022-02-28,KS Worms,73,8,0,2.624,5.968,64.92
6317,2022-02-28,Trier-Saarburg,191,0,0,4.64,10.968,48.96
6318,2022-02-28,Vulkaneifel,54,1,1,2.924,11.284,68.08
6319,2022-02-28,Westerwaldkreis,291,2,2,2.2,17.628,57.04
6320,2022-02-28,KS Frankenthal,53,0,0,2.624,5.968,64.92
6321,2022-02-28,KS Kaiserslautern,143,2,0,2.052,23.192,62.4
6322,2022-02-28,KS Koblenz,177,3,0,2.132,6.756,69.92
6323,2022-02-28,KS Landau i.d.Pf.,54,4,0,4.328,23.192,55.32
6324,2022-02-28,KS Mainz,586,8,0,3.2,7.916,61.6
6325,2022-02-28,KS Neustadt a.d.W.,0,0,0,2.384,23.192,54.24
6326,2022-02-28,KS Pirmasens,57,1,1,3.868,13.224,53.4
6327,2022-02-28,KS Trier,142,0,0,4.64,10.968,48.96
6328,2022-02-28,Rhein-Pfalz-Kreis,185,2,0,2.596,5.968,63.72
6329,2022-02-28,KS Ludwigshafen,189,2,0,4.196,5.968,57.72
6330,2022-03-01,Alzey-Worms,200,9,2,1.356,6.292,61.32
6331,2022-03-01,Bad Kreuznach,411,0,0,1.848,6.292,65.44
6332,2022-03-01,Bernkastel-Wittlich,370,8,0,3.508,11.512,56.08
6333,2022-03-01,KS Trier,93,4,0,3.448,8.644,56.24
6334,2022-03-01,Birkenfeld,119,0,0,0.384,4.492,66.84
6335,2022-03-01,Donnersbergkreis,134,1,0,1.548,18.896,55.28
6336,2022-03-01,Germersheim,322,2,0,0.984,18.896,52.68
6337,2022-03-01,Kusel,132,3,0,3.2,14.664,58.2
6338,2022-03-01,Mainz-Bingen,641,5,0,3.212,9.572,61.32
6339,2022-03-01,Cochem-Zell,145,4,0,3.032,7.54,59.2
6340,2022-03-01,Neuwied,241,2,0,2.816,5.572,55.44
6341,2022-03-01,Altenkirchen,190,5,1,3.288,15.54,50.36
6342,2022-03-01,Kaiserslautern,379,1,1,1.7,18.896,58.2
6343,2022-03-01,Ahrweiler,274,0,0,2.716,7.54,65.52
6344,2022-03-01,Mayen-Koblenz,427,0,0,2.268,5.572,67.0
6345,2022-03-01,KS Worms,123,13,1,1.268,5.228,65.4
6346,2022-03-01,KS Neustadt a.d.W.,237,1,0,0.984,18.896,52.2
6347,2022-03-01,KS Mainz,343,9,0,3.064,8.724,61.32
6348,2022-03-01,KS Ludwigshafen,467,7,2,3.624,5.228,51.76
6349,2022-03-01,KS Landau i.d.Pf.,82,0,0,3.428,18.896,50.16
6350,2022-03-01,KS Kaiserslautern,223,5,1,1.7,18.896,58.2
6351,2022-03-01,Vulkaneifel,145,1,1,3.032,7.54,65.52
6352,2022-03-01,Westerwaldkreis,343,8,0,0.956,15.54,56.12
6353,2022-03-01,KS Koblenz,291,1,0,2.268,5.572,67.0
6354,2022-03-01,Trier-Saarburg,122,0,0,3.448,8.644,56.24
6355,2022-03-01,Rhein-Pfalz-Kreis,379,4,1,1.936,5.228,61.4
6356,2022-03-01,Rhein-Lahn-Kreis,347,5,0,3.212,6.292,67.0
6357,2022-03-01,KS Frankenthal,183,2,1,1.268,5.228,65.4
6358,2022-03-01,KS Speyer,118,2,0,3.244,5.228,52.68
6359,2022-03-01,KS Pirmasens,96,7,0,2.788,13.34,49.12
6360,2022-03-02,KS Trier,115,4,1,2.308,7.076,61.04
6361,2022-03-02,KS Worms,200,4,0,1.42,4.16,66.96
6362,2022-03-02,Germersheim,392,4,0,1.56,14.224,60.68
6363,2022-03-02,Donnersbergkreis,213,3,0,2.132,14.224,54.6
6364,2022-03-02,Rhein-Lahn-Kreis,258,4,0,2.94,5.056,65.12
6365,2022-03-02,Cochem-Zell,165,0,0,2.656,5.844,57.8
6366,2022-03-02,KS Speyer,109,0,0,2.168,4.16,60.68
6367,2022-03-02,Altenkirchen,161,2,1,4.304,11.356,46.96
6368,2022-03-02,Alzey-Worms,377,2,0,1.296,5.056,64.48
6369,2022-03-02,Bad Kreuznach,301,10,0,2.348,5.056,64.52
6370,2022-03-02,Bernkastel-Wittlich,318,1,1,2.708,6.848,61.24
6371,2022-03-02,Birkenfeld,134,0,0,0.332,3.584,64.44
6372,2022-03-02,Ahrweiler,245,2,0,3.284,5.844,61.32
6373,2022-03-02,KS Pirmasens,82,4,1,2.2,9.392,56.6
6374,2022-03-02,KS Neustadt a.d.W.,89,14,0,1.56,14.224,52.28
6375,2022-03-02,KS Mainz,476,0,0,3.508,8.348,64.48
6376,2022-03-02,Kusel,52,3,1,2.768,9.724,65.48
6377,2022-03-02,Mainz-Bingen,459,0,0,2.94,10.168,64.48
6378,2022-03-02,Mayen-Koblenz,511,2,-1,2.988,4.476,65.12
6379,2022-03-02,Neuwied,51,1,1,4.4,4.476,46.48
6380,2022-03-02,Rhein-Pfalz-Kreis,378,6,2,1.864,4.16,64.44
6381,2022-03-02,Kaiserslautern,282,7,2,1.068,14.224,65.48
6382,2022-03-02,Vulkaneifel,160,0,0,2.656,5.844,61.32
6383,2022-03-02,Westerwaldkreis,503,0,0,2.82,11.356,45.04
6384,2022-03-02,KS Frankenthal,137,0,0,1.42,4.16,66.96
6385,2022-03-02,KS Kaiserslautern,247,5,3,1.068,14.224,65.48
6386,2022-03-02,KS Koblenz,252,0,0,2.988,4.476,65.12
6387,2022-03-02,KS Landau i.d.Pf.,111,0,0,2.984,14.224,56.52
6388,2022-03-02,KS Ludwigshafen,451,4,1,1.764,4.16,67.28
6389,2022-03-02,Trier-Saarburg,160,4,0,2.308,7.076,61.04
6390,2022-03-03,KS Trier,195,0,0,3.588,8.556,53.6
6391,2022-03-03,KS Speyer,122,0,0,2.6,5.52,64.12
6392,2022-03-03,KS Pirmasens,115,3,0,4.268,9.8,53.96
6393,2022-03-03,KS Neustadt a.d.W.,112,0,0,3.304,15.76,49.88
6394,2022-03-03,KS Ludwigshafen,361,7,2,2.836,5.52,62.36
6395,2022-03-03,KS Landau i.d.Pf.,101,0,0,4.264,15.76,55.12
6396,2022-03-03,KS Koblenz,360,3,0,2.136,5.032,65.84
6397,2022-03-03,KS Mainz,495,6,0,3.984,9.944,58.88
6398,2022-03-03,KS Frankenthal,121,1,0,1.476,5.52,66.32
6399,2022-03-03,Vulkaneifel,145,0,0,3.164,7.976,63.96
6400,2022-03-03,Rhein-Lahn-Kreis,198,2,0,3.096,4.508,65.84
6401,2022-03-03,Rhein-Pfalz-Kreis,329,3,1,2.328,5.52,61.84
6402,2022-03-03,KS Worms,211,1,0,1.476,5.52,66.32
6403,2022-03-03,KS Kaiserslautern,106,4,0,1.576,15.76,64.36
6404,2022-03-03,Trier-Saarburg,190,3,0,3.588,8.556,53.6
6405,2022-03-03,Alzey-Worms,288,5,0,2.344,4.508,58.88
6406,2022-03-03,Bad Kreuznach,524,0,0,2.652,4.508,60.52
6407,2022-03-03,Bernkastel-Wittlich,273,3,0,4.052,6.588,53.2
6408,2022-03-03,Birkenfeld,140,2,0,0.908,4.452,60.68
6409,2022-03-03,Cochem-Zell,208,1,0,3.164,7.976,52.8
6410,2022-03-03,Donnersbergkreis,205,1,0,3.216,15.76,51.96
6411,2022-03-03,Germersheim,292,0,0,3.304,15.76,64.12
6412,2022-03-03,Altenkirchen,384,3,0,3.672,13.612,50.04
6413,2022-03-03,Kusel,79,-1,0,3.992,7.38,64.36
6414,2022-03-03,Mainz-Bingen,535,4,0,3.096,9.624,58.88
6415,2022-03-03,Mayen-Koblenz,554,1,0,2.136,5.032,65.84
6416,2022-03-03,Neuwied,401,1,0,3.892,5.032,49.36
6417,2022-03-03,Kaiserslautern,165,4,1,1.576,15.76,64.36
6418,2022-03-03,Westerwaldkreis,506,9,3,3.116,13.612,46.0
6419,2022-03-03,Ahrweiler,382,3,2,2.376,7.976,63.96
6420,2022-03-04,Kaiserslautern,394,1,1,1.3,17.856,63.8
6421,2022-03-04,Westerwaldkreis,578,3,0,0.74,13.452,61.64
6422,2022-03-04,Cochem-Zell,197,0,1,2.368,7.144,58.64
6423,2022-03-04,Donnersbergkreis,178,1,1,1.76,17.856,60.32
6424,2022-03-04,Germersheim,342,0,0,1.86,17.856,51.96
6425,2022-03-04,Mainz-Bingen,546,3,0,3.2,12.64,61.16
6426,2022-03-04,Rhein-Lahn-Kreis,323,2,0,3.2,6.22,63.24
6427,2022-03-04,Neuwied,594,0,1,2.784,6.084,56.64
6428,2022-03-04,Rhein-Pfalz-Kreis,304,3,1,2.132,7.268,61.64
6429,2022-03-04,Trier-Saarburg,624,6,0,3.388,11.924,51.8
6430,2022-03-04,Vulkaneifel,242,0,0,2.368,7.144,64.36
6431,2022-03-04,Kusel,163,3,0,2.408,12.436,63.8
6432,2022-03-04,Bad Kreuznach,436,1,0,2.02,6.22,64.92
6433,2022-03-04,Mayen-Koblenz,662,5,0,2.024,6.084,63.24
6434,2022-03-04,KS Trier,421,3,0,3.388,11.924,51.8
6435,2022-03-04,Bernkastel-Wittlich,359,7,0,2.408,12.436,52.16
6436,2022-03-04,KS Koblenz,351,2,0,2.024,6.084,63.24
6437,2022-03-04,KS Landau i.d.Pf.,115,2,0,3.928,17.856,52.8
6438,2022-03-04,KS Ludwigshafen,364,2,1,3.948,7.268,54.16
6439,2022-03-04,KS Mainz,556,7,0,3.336,11.192,61.16
6440,2022-03-04,KS Neustadt a.d.W.,182,4,0,1.86,17.856,53.36
6441,2022-03-04,KS Pirmasens,148,2,1,3.456,14.208,49.4
6442,2022-03-04,KS Speyer,97,0,0,4.38,7.268,51.96
6443,2022-03-04,KS Frankenthal,136,0,0,2.388,7.268,64.6
6444,2022-03-04,KS Kaiserslautern,337,2,0,1.3,17.856,63.8
6445,2022-03-04,Birkenfeld,142,1,0,0.252,4.372,65.32
6446,2022-03-04,Alzey-Worms,327,4,0,2.24,6.22,61.16
6447,2022-03-04,Altenkirchen,350,0,0,2.94,13.452,55.68
6448,2022-03-04,Ahrweiler,357,3,0,1.924,7.144,64.36
6449,2022-03-04,KS Worms,191,3,0,2.388,7.268,64.6
6450,2022-03-05,Bad Kreuznach,281,2,0,1.332,6.168,64.92
6451,2022-03-05,Bernkastel-Wittlich,133,0,0,0.828,11.832,57.08
6452,2022-03-05,Cochem-Zell,129,0,0,1.044,7.008,64.04
6453,2022-03-05,Trier-Saarburg,334,0,0,2.044,9.58,56.64
6454,2022-03-05,Donnersbergkreis,91,0,0,0.54,18.412,61.64
6455,2022-03-05,Kaiserslautern,0,0,0,0.476,18.412,63.76
6456,2022-03-05,Neuwied,270,0,0,1.276,5.6,63.72
6457,2022-03-05,Mainz-Bingen,52,1,1,2.648,11.548,62.04
6458,2022-03-05,Mayen-Koblenz,42,0,0,0.96,5.6,67.68
6459,2022-03-05,Rhein-Lahn-Kreis,0,0,0,2.648,6.168,67.68
6460,2022-03-05,Rhein-Pfalz-Kreis,46,2,0,1.432,7.18,61.72
6461,2022-03-05,Germersheim,0,0,0,0.536,18.412,55.76
6462,2022-03-05,Alzey-Worms,16,0,0,1.184,6.168,62.04
6463,2022-03-05,Kusel,60,0,0,0.828,11.832,63.76
6464,2022-03-05,Altenkirchen,0,0,0,1.596,11.848,60.2
6465,2022-03-05,Birkenfeld,77,0,0,-0.728,4.396,68.28
6466,2022-03-05,KS Koblenz,17,0,0,0.96,5.6,67.68
6467,2022-03-05,KS Frankenthal,34,1,0,1.732,7.18,62.52
6468,2022-03-05,KS Kaiserslautern,0,0,0,0.476,18.412,63.76
6469,2022-03-05,KS Landau i.d.Pf.,0,0,0,2.552,18.412,56.32
6470,2022-03-05,KS Trier,254,0,0,2.044,9.58,56.64
6471,2022-03-05,KS Mainz,76,6,0,2.696,8.96,62.04
6472,2022-03-05,KS Neustadt a.d.W.,0,0,0,0.536,18.412,57.2
6473,2022-03-05,KS Pirmasens,0,0,0,2.02,14.172,53.36
6474,2022-03-05,Ahrweiler,251,1,0,1.168,7.008,66.84
6475,2022-03-05,Westerwaldkreis,193,0,0,-0.292,11.848,64.96
6476,2022-03-05,KS Worms,16,0,0,1.732,7.18,62.52
6477,2022-03-05,KS Ludwigshafen,59,2,0,2.24,7.18,58.72
6478,2022-03-05,Vulkaneifel,143,0,0,1.044,7.008,66.84
6479,2022-03-05,KS Speyer,17,0,0,3.02,7.18,55.76
6480,2022-03-06,Kusel,15,0,0,0.112,15.072,58.32
6481,2022-03-06,Mainz-Bingen,42,0,0,2.544,14.076,53.44
6482,2022-03-06,KS Neustadt a.d.W.,0,0,0,0.2,19.904,51.84
6483,2022-03-06,Ahrweiler,171,1,0,1.42,9.62,60.28
6484,2022-03-06,Altenkirchen,54,0,0,0.356,12.888,59.08
6485,2022-03-06,Alzey-Worms,156,0,0,1.252,7.7,53.44
6486,2022-03-06,Birkenfeld,96,0,0,-0.392,6.512,57.92
6487,2022-03-06,Cochem-Zell,169,0,0,-0.74,9.62,55.0
6488,2022-03-06,Donnersbergkreis,234,0,0,0.112,19.904,54.0
6489,2022-03-06,Germersheim,0,0,0,0.2,19.904,47.56
6490,2022-03-06,Kaiserslautern,0,0,0,0.532,19.904,58.32
6491,2022-03-06,Mayen-Koblenz,0,0,0,1.164,7.788,61.88
6492,2022-03-06,Bad Kreuznach,0,0,0,1.712,7.7,56.36
6493,2022-03-06,Bernkastel-Wittlich,32,0,0,0.112,15.072,51.68
6494,2022-03-06,Neuwied,101,0,0,0.828,7.788,56.56
6495,2022-03-06,KS Pirmasens,74,1,0,1.624,15.872,51.12
6496,2022-03-06,KS Worms,92,0,0,2.696,11.432,52.96
6497,2022-03-06,KS Trier,127,0,1,1.692,15.204,51.88
6498,2022-03-06,KS Speyer,21,0,0,3.592,11.432,47.56
6499,2022-03-06,Rhein-Pfalz-Kreis,28,0,0,2.656,11.432,51.4
6500,2022-03-06,Trier-Saarburg,116,0,0,1.692,15.204,51.88
6501,2022-03-06,Rhein-Lahn-Kreis,0,0,0,2.544,7.7,61.88
6502,2022-03-06,Westerwaldkreis,500,2,0,-0.508,12.888,56.24
6503,2022-03-06,KS Frankenthal,5,0,0,2.696,11.432,52.96
6504,2022-03-06,KS Kaiserslautern,0,0,0,0.532,19.904,58.32
6505,2022-03-06,KS Koblenz,0,0,0,1.164,7.788,61.88
6506,2022-03-06,KS Landau i.d.Pf.,19,0,0,2.808,19.904,49.76
6507,2022-03-06,KS Ludwigshafen,31,0,0,3.436,11.432,48.8
6508,2022-03-06,KS Mainz,99,0,0,2.852,13.884,53.44
6509,2022-03-06,Vulkaneifel,180,0,0,-0.74,9.62,60.28
